feature,avg_weight_score
F20,0.2517267
F2,0.24344292
F9,0.23762707
F1,0.23459764
F10,0.23286432
F26,0.22725067
F18,0.21642116
F29,0.21525374
F12,0.21229455
F27,0.20731628
F11,0.20460707
F4,0.20331658
F23,0.19729738
F13,0.19719863
F16,0.19655824
F5,0.19520658
F15,0.19215177
F3,0.1902466
F8,0.18945253
F6,0.18851733
F30,0.18831539
F21,0.18406916
F28,0.18262878
F19,0.18255496
F24,0.17587635
F7,0.17537168
F25,0.16759998
F17,0.16757487
F22,0.16557494
F14,0.13852172
