feature,max_weight_score
F20,0.7213064
F12,0.71376246
F9,0.66810393
F18,0.65203726
F15,0.6357763
F5,0.6036114
F17,0.6011321
F10,0.5789018
F1,0.5572168
F2,0.52790284
F29,0.51700264
F25,0.49958315
F13,0.49920735
F19,0.49295634
F23,0.49278688
F6,0.4668398
F16,0.465493
F26,0.4506785
F24,0.43913907
F21,0.41631016
F8,0.40547195
F4,0.40540472
F11,0.39258826
F22,0.3905092
F27,0.3696805
F28,0.3677246
F14,0.36526504
F7,0.35080194
F30,0.33933333
F3,0.3184398
