{
    "best_epoch": 50,
    "best_val_loss": 79.41094970703125,
    "final_train_loss": 123.88906860351562,
    "final_val_loss": 79.41094970703125
}