{
    "loss": [
        60874.3203125,
        58303.21875,
        56210.6484375,
        51791.80078125,
        43834.02734375,
        30694.296875,
        13493.87109375,
        2203.37353515625,
        596.1046142578125,
        502.47265625,
        488.09130859375,
        482.99041748046875,
        478.9366760253906,
        475.19708251953125,
        473.1261291503906,
        477.4772644042969,
        463.8597106933594,
        463.85406494140625,
        462.029541015625,
        459.47125244140625,
        446.677978515625,
        431.1431579589844,
        421.9462890625,
        411.3824157714844,
        399.59625244140625,
        384.5057373046875,
        370.69830322265625,
        357.9656982421875,
        344.09942626953125,
        331.55010986328125,
        315.3692932128906,
        298.9954833984375,
        284.0091857910156,
        286.8364562988281,
        258.4181823730469,
        238.72998046875,
        223.4430389404297,
        208.98507690429688,
        196.05007934570312,
        187.29714965820312,
        175.7783966064453,
        166.37374877929688,
        157.5115966796875,
        154.2030029296875,
        148.46905517578125,
        144.08079528808594,
        135.1090545654297,
        130.99461364746094,
        128.43316650390625,
        123.88906860351562
    ],
    "val_loss": [
        47146.05859375,
        45639.1171875,
        43395.6328125,
        38423.87890625,
        29574.82421875,
        17085.517578125,
        4409.49462890625,
        632.5182495117188,
        600.21826171875,
        534.2001342773438,
        537.1697998046875,
        536.0025634765625,
        535.1218872070312,
        528.787353515625,
        533.7024536132812,
        527.765869140625,
        521.0985717773438,
        521.7907104492188,
        507.75286865234375,
        499.56158447265625,
        487.31036376953125,
        470.1228942871094,
        452.0207824707031,
        440.1426086425781,
        428.0197448730469,
        407.9722595214844,
        388.7417297363281,
        371.9781799316406,
        361.4963073730469,
        338.66925048828125,
        315.99346923828125,
        293.8011474609375,
        271.6338806152344,
        268.3428039550781,
        238.52667236328125,
        221.53611755371094,
        203.07318115234375,
        188.26162719726562,
        169.7937774658203,
        153.67794799804688,
        142.80963134765625,
        138.09341430664062,
        122.86976623535156,
        117.93145751953125,
        111.33322143554688,
        96.90372467041016,
        91.2082748413086,
        99.18859100341797,
        86.06718444824219,
        79.41094970703125
    ]
}