{
    "raw_weights_shape": [
        30,
        16
    ],
    "global_weight_max": 0.7213063836097717,
    "global_weight_avg": 0.1987145096063614
}