{
    "accuracy": [
        0.8079268336296082,
        0.8917682766914368,
        0.9329268336296082,
        0.9451219439506531,
        0.9710366129875183,
        0.9878048896789551,
        0.9939024448394775,
        0.9923780560493469,
        0.9939024448394775,
        0.9451219439506531,
        0.9756097793579102,
        0.9969512224197388,
        1.0,
        1.0,
        1.0,
        1.0,
        1.0,
        1.0,
        1.0,
        1.0,
        1.0,
        1.0,
        1.0,
        1.0,
        1.0,
        1.0,
        1.0,
        1.0,
        1.0,
        1.0,
        1.0,
        1.0,
        1.0,
        1.0,
        1.0,
        1.0,
        1.0,
        1.0,
        1.0,
        1.0,
        1.0,
        1.0,
        1.0,
        1.0,
        1.0,
        1.0,
        1.0,
        1.0,
        1.0,
        1.0
    ],
    "loss": [
        0.4528757333755493,
        0.2987031638622284,
        0.21612262725830078,
        0.17272156476974487,
        0.11963075399398804,
        0.06845442205667496,
        0.044064272195100784,
        0.044758304953575134,
        0.043435923755168915,
        0.13938461244106293,
        0.07158622145652771,
        0.027880435809493065,
        0.015607842244207859,
        0.008890567347407341,
        0.006796081084758043,
        0.005123999435454607,
        0.004041727166622877,
        0.0033673408906906843,
        0.0029011897277086973,
        0.0025999515783041716,
        0.002353237010538578,
        0.00212527671828866,
        0.0018686993280425668,
        0.0017061391845345497,
        0.001737023121677339,
        0.0014420500956475735,
        0.0014034716878086329,
        0.0012780273100361228,
        0.0011436823988333344,
        0.0010977046331390738,
        0.0009868143824860454,
        0.00105691934004426,
        0.0009033774258568883,
        0.0007885058294050395,
        0.0007851802511140704,
        0.0007179846288636327,
        0.0007000258192420006,
        0.0007061001379042864,
        0.0006826908211223781,
        0.0006090699462220073,
        0.0005465209833346307,
        0.0005400844383984804,
        0.0005530111957341433,
        0.0005237771547399461,
        0.00048500444972887635,
        0.00047641529818065464,
        0.0004340415180195123,
        0.0004205844015814364,
        0.0004308987990953028,
        0.0003994885482825339
    ],
    "val_accuracy": [
        0.6829268336296082,
        0.7134146094322205,
        0.792682945728302,
        0.7804877758026123,
        0.8719512224197388,
        0.8841463327407837,
        0.9024389982223511,
        0.957317054271698,
        0.8963414430618286,
        0.5365853905677795,
        0.9939024448394775,
        0.9817073345184326,
        1.0,
        0.9756097793579102,
        1.0,
        1.0,
        1.0,
        1.0,
        1.0,
        1.0,
        1.0,
        1.0,
        1.0,
        1.0,
        1.0,
        1.0,
        1.0,
        1.0,
        1.0,
        1.0,
        1.0,
        1.0,
        1.0,
        1.0,
        1.0,
        1.0,
        1.0,
        1.0,
        1.0,
        1.0,
        1.0,
        1.0,
        1.0,
        1.0,
        1.0,
        1.0,
        1.0,
        1.0,
        1.0,
        1.0
    ],
    "val_loss": [
        0.6168597340583801,
        0.5590454936027527,
        0.4890270233154297,
        0.42316827178001404,
        0.3585444688796997,
        0.29328620433807373,
        0.21512466669082642,
        0.1239226832985878,
        0.2185368686914444,
        2.2732014656066895,
        0.06692925095558167,
        0.04917427897453308,
        0.022672686725854874,
        0.04739740863442421,
        0.01960172690451145,
        0.013768344186246395,
        0.011903409846127033,
        0.007795117795467377,
        0.007006259169429541,
        0.0071577285416424274,
        0.005445741582661867,
        0.00480777770280838,
        0.004034069832414389,
        0.0039749834686517715,
        0.0038607323076575994,
        0.003426490118727088,
        0.0029854190070182085,
        0.002823260147124529,
        0.0027565662749111652,
        0.0024801925756037235,
        0.002593463519588113,
        0.0020926932338625193,
        0.002393349539488554,
        0.0020015474874526262,
        0.0018136430298909545,
        0.001770427101291716,
        0.0016902046045288444,
        0.0016216817311942577,
        0.0015201559290289879,
        0.0014453670009970665,
        0.0013909743865951896,
        0.0012784511782228947,
        0.0012948944931849837,
        0.0012241697404533625,
        0.0012276151683181524,
        0.001069714780896902,
        0.0010123589308932424,
        0.0011972811771556735,
        0.0009838622063398361,
        0.0008997030090540648
    ]
}