{
    "loss": [
        56411.54296875,
        51107.91796875,
        43880.69140625,
        33750.67578125,
        21206.494140625,
        10007.732421875,
        4347.36962890625,
        2383.714599609375,
        1422.2701416015625,
        940.0875854492188,
        716.0406494140625,
        619.286865234375,
        579.8856201171875,
        563.8992309570312,
        556.5040893554688,
        551.8881225585938,
        548.110595703125,
        544.5836181640625,
        541.1251831054688,
        537.6820068359375,
        534.2359619140625,
        530.7798461914062,
        527.3118286132812,
        523.8310546875,
        520.3375854492188,
        516.8314208984375,
        513.3114013671875,
        509.88031005859375,
        506.2679138183594,
        502.82843017578125,
        499.16387939453125,
        495.7364807128906,
        492.1397705078125,
        488.35845947265625,
        484.8948669433594,
        481.210205078125,
        477.42822265625,
        473.4574279785156,
        469.84503173828125,
        465.9033203125,
        461.808837890625,
        457.6761779785156,
        453.424072265625,
        449.0253601074219,
        444.46588134765625,
        439.7231750488281,
        434.77154541015625,
        429.5836181640625,
        424.12872314453125,
        418.37457275390625
    ],
    "val_loss": [
        42951.484375,
        38050.97265625,
        31105.279296875,
        21794.283203125,
        11671.4658203125,
        4956.05908203125,
        2618.7333984375,
        1599.8251953125,
        1071.5032958984375,
        824.0148315429688,
        713.7918090820312,
        668.1681518554688,
        650.2213134765625,
        642.4763793945312,
        637.7836303710938,
        633.87255859375,
        630.217529296875,
        626.538818359375,
        622.8102416992188,
        619.0386962890625,
        615.2298583984375,
        611.38623046875,
        607.50830078125,
        603.5961303710938,
        599.6475830078125,
        595.6610717773438,
        591.6334838867188,
        587.5098876953125,
        583.5829467773438,
        579.286865234375,
        575.2750854492188,
        570.8701782226562,
        566.723876953125,
        562.3653564453125,
        557.79345703125,
        553.403564453125,
        548.7875366210938,
        544.0250854492188,
        539.023681640625,
        534.1395263671875,
        528.9542846679688,
        523.6103515625,
        518.0469360351562,
        512.2453002929688,
        506.17169189453125,
        499.7957458496094,
        493.08074951171875,
        485.98785400390625,
        478.4754333496094,
        470.49859619140625
    ]
}