{
    "accuracy": 0.7707317073170732,
    "precision": 0.7788461538461539,
    "recall": 0.7714285714285715,
    "f1_score": 0.7751196172248804
}