{
    "accuracy": 0.7707317073170732,
    "precision": 0.7959183673469388,
    "recall": 0.7428571428571429,
    "f1_score": 0.7684729064039408
}