feature,feature_name,avg_weight_score
F12,ca,0.071490504
F13,thal,0.06930232
F11,slope,0.067208044
F1,age,0.06635177
F3,cp,0.06486668
F2,sex,0.062126756
F4,trestbps,0.061900616
F5,chol,0.06115453
F6,fbs,0.060107775
F9,exang,0.055161092
F10,oldpeak,0.05481179
F7,restecg,0.053788323
F8,thalach,0.047054052
