feature,feature_name,max_weight_score
F13,thal,0.18572187
F12,ca,0.15043421
F6,fbs,0.14875486
F9,exang,0.14399204
F5,chol,0.140611
F11,slope,0.13908575
F1,age,0.13716932
F3,cp,0.13712102
F2,sex,0.1353304
F10,oldpeak,0.12951685
F7,restecg,0.11879558
F4,trestbps,0.115834765
F8,thalach,0.11464881
