feature,feature_name,max_abs_weight_score
F13,2.2,0.8270189969444477
F12,0.2,0.7798325925941815
F9,0.1,0.7537286725552588
F4,145,0.6465768467823945
F1,63,0.6384622437744744
