feature,feature_name,max_abs_weight_score
F12,ca,1.5397896443060324
F6,fbs,1.449308435223606
F11,slope,1.430285476217188
