feature,feature_name,max_abs_weight_score
F13,feature_13,0.8600830115419643
F12,feature_12,0.7924719642897817
F9,feature_9,0.7919561903568983
F11,feature_11,0.6771859713533427
