{
    "test_mse": 0.9213380217552185,
    "test_accuracy": 0.7365853658536585,
    "threshold": 0.5
}