{
    "test_mse": 1.016963005065918,
    "test_accuracy": 0.8032786885245902,
    "threshold": 0.5
}