{
    "test_mse": 1.042689323425293,
    "test_accuracy": 0.8032786885245902,
    "threshold": 0.5
}