{
    "feature_percent": 40.0,
    "selected_feature_count": 6,
    "test_mse": 1.025606393814087,
    "test_accuracy": 0.8360655737704918,
    "threshold": 0.5
}