{
    "feature_percent": 40.0,
    "selected_feature_count": 5,
    "test_mse": 1.0089234113693237,
    "test_accuracy": 0.8852459016393442,
    "threshold": 0.5
}