{
    "feature_percent": 20.0,
    "selected_feature_count": 3,
    "test_mse": 0.9548633694648743,
    "test_accuracy": 0.8852459016393442,
    "threshold": 0.5
}