{
    "accuracy": 0.9736842105263158,
    "precision": 0.9534883720930233,
    "recall": 0.9761904761904762,
    "f1_score": 0.9647058823529412,
    "roc_auc": 0.9966931216931217
}