{
    "accuracy": 0.9824561403508771,
    "precision": 1.0,
    "recall": 0.9523809523809523,
    "f1_score": 0.975609756097561
}