{
    "test_mse": 0.7421945929527283,
    "test_accuracy": 0.9298245614035088,
    "threshold": 0.5
}