{
    "test_mse": 0.705001711845398,
    "test_accuracy": 0.8947368421052632,
    "threshold": 0.5
}