{
    "test_mse": 0.8602362275123596,
    "test_accuracy": 0.9035087719298246,
    "threshold": 0.5
}