{
    "feature_percent": 40.0,
    "selected_feature_count": 12,
    "test_mse": 0.6702461838722229,
    "test_accuracy": 0.9473684210526315,
    "threshold": 0.5
}