{
    "feature_percent": 30.0,
    "selected_feature_count": 9,
    "test_mse": 0.7143439054489136,
    "test_accuracy": 0.9298245614035088,
    "threshold": 0.5
}