{
    "feature_percent": 30.0,
    "selected_feature_count": 9,
    "test_mse": 0.5373427271842957,
    "test_accuracy": 0.9122807017543859,
    "threshold": 0.5
}