{
    "feature_percent": 60.0,
    "selected_feature_count": 18,
    "test_mse": 0.6657217741012573,
    "test_accuracy": 0.9385964912280702,
    "threshold": 0.5
}