{
    "feature_percent": 50.0,
    "selected_feature_count": 15,
    "test_mse": 0.6396404504776001,
    "test_accuracy": 0.9210526315789473,
    "threshold": 0.5
}