{
    "feature_percent": 60.0,
    "selected_feature_count": 18,
    "test_mse": 0.6118183732032776,
    "test_accuracy": 0.9122807017543859,
    "threshold": 0.5
}