{
    "feature_percent": 100.0,
    "selected_feature_count": 30,
    "test_mse": 0.7616702318191528,
    "test_accuracy": 0.9298245614035088,
    "threshold": 0.5
}