{
    "feature_percent": 40.0,
    "selected_feature_count": 12,
    "test_mse": 0.5430185794830322,
    "test_accuracy": 0.9035087719298246,
    "threshold": 0.5
}