{
    "feature_percent": 20.0,
    "selected_feature_count": 6,
    "test_mse": 0.5953885912895203,
    "test_accuracy": 0.9122807017543859,
    "threshold": 0.5
}