feature,feature_name,max_abs_weight_score
F49,feature_49,0.5720875271363309
F47,feature_47,0.5601090147319765
F18,feature_18,0.5454509884348626
F44,feature_44,0.5257994592153522
F50,feature_50,0.5159970651446248
F2,feature_2,0.5002213138041339
F77,feature_77,0.4997341939344776
F62,feature_62,0.4838802698364166
F12,feature_12,0.4776689841169667
F71,feature_71,0.46925569455336463
F36,feature_36,0.4533951070635547
F9,feature_9,0.4483209400944542
F11,feature_11,0.44341433482683457
F27,feature_27,0.44319694806305004
F8,feature_8,0.43744768879956636
F19,feature_19,0.42560167934584686
