{
    "best_epoch": 12,
    "best_val_loss": 0.12774507701396942,
    "final_train_loss": 0.007380587514489889,
    "final_val_loss": 0.15148663520812988,
    "final_train_accuracy": 1.0,
    "final_val_accuracy": 0.9560439586639404
}