{
    "raw_weights_shape": [
        30,
        1,
        32
    ],
    "global_weight_max": 0.12252338975667953,
    "global_weight_avg": 0.04114187881350517
}