{
    "raw_weights_shape": [
        30,
        1,
        32
    ],
    "global_weight_max": 0.12492188066244125,
    "global_weight_avg": 0.04190880432724953
}