{
    "raw_weights_shape": [
        30,
        1,
        32
    ],
    "global_weight_max": 0.10893555730581284,
    "global_weight_avg": 0.04050768166780472
}