{
    "raw_weights_shape": [
        31,
        1,
        32
    ],
    "global_weight_max": 0.10472545027732849,
    "global_weight_avg": 0.038982417434453964
}