{
    "raw_weights_shape": [
        30,
        1,
        32
    ],
    "global_weight_max": 0.11932853609323502,
    "global_weight_avg": 0.04129554331302643
}