{
    "accuracy": [
        0.8736263513565063,
        0.9395604133605957,
        0.9505494236946106,
        0.9642857313156128,
        0.9780219793319702,
        0.9890109896659851,
        0.9945054650306702,
        0.9917582273483276,
        0.9835164546966553,
        0.9725274443626404,
        0.9835164546966553,
        0.9890109896659851,
        0.9890109896659851,
        0.9945054650306702,
        0.9917582273483276,
        0.9945054650306702,
        0.9807692170143127,
        0.9945054650306702,
        0.9945054650306702,
        0.9972527623176575,
        0.9945054650306702,
        1.0,
        1.0,
        1.0
    ],
    "loss": [
        0.28370949625968933,
        0.1705264300107956,
        0.14768564701080322,
        0.10169921070337296,
        0.08950251340866089,
        0.06650955975055695,
        0.054746322333812714,
        0.046550750732421875,
        0.05394396558403969,
        0.07343630492687225,
        0.05141647160053253,
        0.048057399690151215,
        0.03801737725734711,
        0.03467253968119621,
        0.02621619589626789,
        0.023892970755696297,
        0.04132438451051712,
        0.026063578203320503,
        0.021326866000890732,
        0.014444652944803238,
        0.016626348719000816,
        0.009161325171589851,
        0.008053305558860302,
        0.005889568943530321
    ],
    "val_accuracy": [
        0.9450549483299255,
        0.901098906993866,
        0.9670329689979553,
        0.9450549483299255,
        0.9450549483299255,
        0.9450549483299255,
        0.9560439586639404,
        0.9560439586639404,
        0.9230769276618958,
        0.8791208863258362,
        0.8131868243217468,
        0.9670329689979553,
        0.9670329689979553,
        0.9670329689979553,
        0.9450549483299255,
        0.8681318759918213,
        0.8791208863258362,
        0.9560439586639404,
        0.9560439586639404,
        0.9450549483299255,
        0.9450549483299255,
        0.9450549483299255,
        0.9560439586639404,
        0.9670329689979553
    ],
    "val_loss": [
        0.42509886622428894,
        0.38932812213897705,
        0.25765639543533325,
        0.2550196349620819,
        0.22766335308551788,
        0.21705271303653717,
        0.20506756007671356,
        0.20530159771442413,
        0.2286812961101532,
        0.2387516051530838,
        0.4126681089401245,
        0.10838228464126587,
        0.12356392294168472,
        0.10384606570005417,
        0.14882300794124603,
        0.38833966851234436,
        0.37143513560295105,
        0.14206072688102722,
        0.14719544351100922,
        0.1518782079219818,
        0.1655883640050888,
        0.15175095200538635,
        0.166982039809227,
        0.12543796002864838
    ]
}