{
    "accuracy": [
        0.8956043720245361,
        0.9340659379959106,
        0.9505494236946106,
        0.958791196346283,
        0.9560439586639404,
        0.958791196346283,
        0.958791196346283,
        0.9670329689979553,
        0.9780219793319702,
        0.958791196346283,
        0.9862637519836426,
        0.9862637519836426,
        0.9862637519836426,
        0.9807692170143127,
        0.9835164546966553,
        0.9890109896659851,
        0.9807692170143127,
        0.9807692170143127,
        0.9890109896659851,
        0.9945054650306702,
        0.9890109896659851,
        0.9890109896659851,
        0.9835164546966553,
        0.9917582273483276,
        0.9862637519836426,
        0.9807692170143127,
        0.9945054650306702
    ],
    "loss": [
        0.2634889483451843,
        0.17864887416362762,
        0.14268530905246735,
        0.12995581328868866,
        0.10664663463830948,
        0.10267528891563416,
        0.10704349726438522,
        0.10080713778734207,
        0.06572781503200531,
        0.0959562137722969,
        0.04985887557268143,
        0.05119927227497101,
        0.05025704950094223,
        0.0624818429350853,
        0.04380033537745476,
        0.04160931706428528,
        0.04454338550567627,
        0.05448482185602188,
        0.03585324436426163,
        0.03163880482316017,
        0.025925733149051666,
        0.04937518388032913,
        0.05134284868836403,
        0.028251131996512413,
        0.028317909687757492,
        0.05227845162153244,
        0.03103698417544365
    ],
    "val_accuracy": [
        0.901098906993866,
        0.9340659379959106,
        0.9560439586639404,
        0.9780219793319702,
        0.9560439586639404,
        0.9450549483299255,
        0.9450549483299255,
        0.9340659379959106,
        0.9560439586639404,
        0.9450549483299255,
        0.9450549483299255,
        0.9560439586639404,
        0.9340659379959106,
        0.9230769276618958,
        0.9450549483299255,
        0.9560439586639404,
        0.9560439586639404,
        0.9450549483299255,
        0.9450549483299255,
        0.9340659379959106,
        0.9560439586639404,
        0.9230769276618958,
        0.9340659379959106,
        0.9780219793319702,
        0.9340659379959106,
        0.9560439586639404,
        0.9560439586639404
    ],
    "val_loss": [
        0.47507908940315247,
        0.30951234698295593,
        0.2675451636314392,
        0.2623212933540344,
        0.20229317247867584,
        0.20567496120929718,
        0.18848003447055817,
        0.20835231244564056,
        0.23338118195533752,
        0.1978273242712021,
        0.14848805963993073,
        0.15362723171710968,
        0.184859499335289,
        0.1990889459848404,
        0.11620964854955673,
        0.1175035834312439,
        0.10564704239368439,
        0.15783174335956573,
        0.14376859366893768,
        0.1412564516067505,
        0.1347006857395172,
        0.27482184767723083,
        0.12919238209724426,
        0.11214882880449295,
        0.15955913066864014,
        0.16075918078422546,
        0.15363915264606476
    ]
}