{
    "accuracy": [
        0.9148351550102234,
        0.9175823926925659,
        0.9340659379959106,
        0.9670329689979553,
        0.958791196346283,
        0.9615384340286255,
        0.9697802066802979,
        0.9752747416496277,
        0.9670329689979553,
        0.9807692170143127,
        0.9780219793319702,
        0.9752747416496277,
        0.9807692170143127,
        0.9670329689979553,
        0.9780219793319702,
        0.9752747416496277,
        0.9835164546966553,
        0.9890109896659851,
        0.9945054650306702,
        1.0,
        0.9972527623176575,
        0.9752747416496277,
        0.9917582273483276,
        1.0,
        1.0,
        0.9972527623176575,
        0.9972527623176575,
        0.9890109896659851,
        1.0,
        0.9972527623176575
    ],
    "loss": [
        0.25244656205177307,
        0.20605114102363586,
        0.1690244823694229,
        0.10317885130643845,
        0.13003990054130554,
        0.11512590944766998,
        0.08889742940664291,
        0.07932450622320175,
        0.0908273309469223,
        0.05277286842465401,
        0.08423451334238052,
        0.08246222138404846,
        0.07036955654621124,
        0.1030912697315216,
        0.0788942202925682,
        0.06741682440042496,
        0.06450340151786804,
        0.042458731681108475,
        0.027663154527544975,
        0.023812688887119293,
        0.021075723692774773,
        0.06901933997869492,
        0.040064334869384766,
        0.015948588028550148,
        0.012934460304677486,
        0.01447252370417118,
        0.018971150740981102,
        0.032184798270463943,
        0.02030559442937374,
        0.012098770588636398
    ],
    "val_accuracy": [
        0.5714285969734192,
        0.8571428656578064,
        0.9450549483299255,
        0.9450549483299255,
        0.9450549483299255,
        0.9450549483299255,
        0.9780219793319702,
        0.9560439586639404,
        0.9670329689979553,
        0.9560439586639404,
        0.9450549483299255,
        0.9450549483299255,
        0.9450549483299255,
        0.9670329689979553,
        0.9670329689979553,
        0.9780219793319702,
        0.9450549483299255,
        0.9560439586639404,
        0.8791208863258362,
        0.9670329689979553,
        0.8791208863258362,
        0.9670329689979553,
        0.9560439586639404,
        0.9560439586639404,
        0.9560439586639404,
        0.9560439586639404,
        0.9450549483299255,
        0.901098906993866,
        0.9450549483299255,
        0.9560439586639404
    ],
    "val_loss": [
        0.5664648413658142,
        0.37469542026519775,
        0.1890791654586792,
        0.22933830320835114,
        0.1713344305753708,
        0.15336953103542328,
        0.14518563449382782,
        0.15963655710220337,
        0.12544427812099457,
        0.13342183828353882,
        0.13371045887470245,
        0.12091727554798126,
        0.13711005449295044,
        0.09367148578166962,
        0.11335994303226471,
        0.10085541754961014,
        0.14178466796875,
        0.1408718079328537,
        0.25109025835990906,
        0.08511263132095337,
        0.24248825013637543,
        0.10440944135189056,
        0.12733390927314758,
        0.1304413080215454,
        0.10950608551502228,
        0.12053544074296951,
        0.20778968930244446,
        0.18472698330879211,
        0.17672230303287506,
        0.12588894367218018
    ]
}