{
    "accuracy": [
        0.8791208863258362,
        0.9285714030265808,
        0.9505494236946106,
        0.9642857313156128,
        0.9697802066802979,
        0.9807692170143127,
        0.9917582273483276,
        0.9945054650306702,
        0.9972527623176575,
        1.0,
        0.9972527623176575,
        0.9917582273483276,
        0.9945054650306702,
        0.9917582273483276,
        0.9862637519836426,
        0.9780219793319702,
        0.9642857313156128,
        0.9890109896659851,
        0.9945054650306702,
        0.9972527623176575,
        0.9972527623176575,
        1.0
    ],
    "loss": [
        0.2864551842212677,
        0.18025554716587067,
        0.15276020765304565,
        0.11170644313097,
        0.09374938160181046,
        0.0698215439915657,
        0.056898023933172226,
        0.03982110321521759,
        0.030811436474323273,
        0.02306230738759041,
        0.022584684193134308,
        0.030654991045594215,
        0.02687142789363861,
        0.04012899100780487,
        0.03942026570439339,
        0.0644218921661377,
        0.0773649513721466,
        0.03398841992020607,
        0.024301154538989067,
        0.017702898010611534,
        0.013145575299859047,
        0.007380587514489889
    ],
    "val_accuracy": [
        0.9450549483299255,
        0.8681318759918213,
        0.9560439586639404,
        0.9560439586639404,
        0.9450549483299255,
        0.9560439586639404,
        0.9560439586639404,
        0.9560439586639404,
        0.9450549483299255,
        0.9450549483299255,
        0.9560439586639404,
        0.9450549483299255,
        0.9450549483299255,
        0.9340659379959106,
        0.8131868243217468,
        0.6373626589775085,
        0.9560439586639404,
        0.9670329689979553,
        0.9670329689979553,
        0.9670329689979553,
        0.9340659379959106,
        0.9560439586639404
    ],
    "val_loss": [
        0.41301625967025757,
        0.43943876028060913,
        0.2592574954032898,
        0.2458725869655609,
        0.2270299196243286,
        0.21183273196220398,
        0.1948828399181366,
        0.18572133779525757,
        0.14999958872795105,
        0.1643413007259369,
        0.14253616333007812,
        0.12774507701396942,
        0.1293976604938507,
        0.2494889497756958,
        0.5989462733268738,
        1.0054916143417358,
        0.15481865406036377,
        0.13971902430057526,
        0.13089245557785034,
        0.13016416132450104,
        0.1400478631258011,
        0.15148663520812988
    ]
}