{
    "accuracy": 0.9385964912280702,
    "precision": 0.972972972972973,
    "recall": 0.8571428571428571,
    "f1_score": 0.9113924050632911
}