{
    "accuracy": 0.956140350877193,
    "precision": 0.9512195121951219,
    "recall": 0.9285714285714286,
    "f1_score": 0.9397590361445783
}