feature,avg_weight_score
F3,0.051725518
F2,0.047298126
F10,0.046284474
F4,0.0461537
F27,0.04504305
F12,0.04501949
F5,0.04475694
F23,0.044119794
F30,0.043954
F19,0.04357537
F20,0.043319594
F29,0.04313515
F28,0.04214146
F17,0.04156246
F24,0.04155974
F11,0.041206382
F18,0.040834576
F14,0.040136475
F1,0.03994976
F13,0.039650224
F6,0.039502352
F25,0.038697235
F21,0.037400447
F8,0.03649094
F15,0.036237996
F22,0.035690326
F7,0.03548359
F26,0.03529154
F16,0.035031512
F9,0.03222729
