feature,avg_weight_score
F5,0.047266185
F30,0.047199555
F14,0.04706353
F8,0.046547253
F1,0.04632145
F19,0.045081973
F26,0.04504562
F11,0.044973094
F20,0.044208504
F16,0.04415588
F12,0.043587547
F15,0.042517103
F18,0.041983046
F23,0.04138031
F25,0.041008674
F21,0.040758826
F3,0.040729567
F27,0.039883666
F4,0.03970748
F2,0.03951046
F13,0.039309084
F28,0.038264442
F9,0.037583876
F10,0.036791787
F17,0.03658818
F7,0.036312774
F6,0.035740566
F24,0.035274778
F29,0.03335884
F22,0.03324715
