{
    "accuracy": 0.9473684210526315,
    "precision": 0.95,
    "recall": 0.9047619047619048,
    "f1_score": 0.926829268292683
}