feature,max_weight_score
F20,0.10925739
F4,0.106643505
F8,0.10288888
F2,0.102092214
F26,0.10159393
F14,0.10030995
F6,0.09965356
F1,0.0986752
F22,0.09538586
F18,0.09511745
F5,0.095062174
F23,0.09432936
F3,0.09397218
F11,0.09365017
F30,0.093305364
F19,0.093210906
F10,0.0928104
F25,0.0918299
F15,0.0917952
F7,0.09148935
F17,0.08843273
F29,0.08833203
F27,0.08617986
F21,0.085701615
F28,0.08415835
F13,0.082638904
F24,0.08233735
F16,0.08151552
F12,0.079185344
F9,0.07904533
