{
    "accuracy": [
        0.8846153616905212,
        0.9368131756782532,
        0.9642857313156128,
        0.9560439586639404,
        0.9532967209815979,
        0.9725274443626404,
        0.958791196346283,
        0.9862637519836426,
        0.9807692170143127,
        0.9780219793319702,
        0.9752747416496277,
        0.9807692170143127,
        0.9697802066802979,
        0.9890109896659851,
        0.9862637519836426,
        0.9862637519836426,
        0.9945054650306702,
        0.9807692170143127,
        0.9862637519836426,
        0.9945054650306702,
        0.9862637519836426,
        0.9670329689979553,
        0.958791196346283
    ],
    "loss": [
        0.25183379650115967,
        0.17088378965854645,
        0.1222982108592987,
        0.11446800082921982,
        0.12496504932641983,
        0.09296713024377823,
        0.1059192642569542,
        0.06140273064374924,
        0.07548128068447113,
        0.08388721942901611,
        0.06054842099547386,
        0.07293926179409027,
        0.08126023411750793,
        0.04255102202296257,
        0.038701318204402924,
        0.04095251113176346,
        0.025932731106877327,
        0.05651445686817169,
        0.031137853860855103,
        0.01654059626162052,
        0.028528457507491112,
        0.07216589152812958,
        0.10029911994934082
    ],
    "val_accuracy": [
        0.9230769276618958,
        0.9670329689979553,
        0.9670329689979553,
        0.9340659379959106,
        0.9560439586639404,
        0.9670329689979553,
        0.9560439586639404,
        0.9450549483299255,
        0.9560439586639404,
        0.9340659379959106,
        0.9560439586639404,
        0.9560439586639404,
        0.9670329689979553,
        0.9670329689979553,
        0.9450549483299255,
        0.9560439586639404,
        0.9340659379959106,
        0.9560439586639404,
        0.9560439586639404,
        0.9560439586639404,
        0.9340659379959106,
        0.9340659379959106,
        0.9340659379959106
    ],
    "val_loss": [
        0.31107795238494873,
        0.28429141640663147,
        0.2143472284078598,
        0.1601252406835556,
        0.20911914110183716,
        0.14926011860370636,
        0.1610686182975769,
        0.1350720375776291,
        0.12493706494569778,
        0.1826726645231247,
        0.1341412216424942,
        0.10913094133138657,
        0.10277725011110306,
        0.12692224979400635,
        0.11996343731880188,
        0.11723888665437698,
        0.1300143152475357,
        0.17442093789577484,
        0.132082998752594,
        0.14115490019321442,
        0.26746633648872375,
        0.22084209322929382,
        0.22246381640434265
    ]
}