feature,max_weight_score
F1,0.13935626
F5,0.12142173
F23,0.11444903
F12,0.108588606
F25,0.10438851
F2,0.101152115
F13,0.10096749
F11,0.1009571
F28,0.09936103
F14,0.09888453
F15,0.098078735
F30,0.09795517
F8,0.09709776
F19,0.096248046
F24,0.09540315
F4,0.09532378
F22,0.0913839
F17,0.09057837
F20,0.08984533
F27,0.08939566
F18,0.088805206
F3,0.088492885
F26,0.08839501
F7,0.08837922
F9,0.08677763
F10,0.08670992
F6,0.08513807
F29,0.0833076
F16,0.082609646
F21,0.082314275
