{
    "accuracy": 0.9649122807017544,
    "precision": 0.975,
    "recall": 0.9285714285714286,
    "f1_score": 0.9512195121951219
}