{
    "raw_weights_shape": [
        30,
        1,
        32
    ],
    "global_weight_max": 0.13935625553131104,
    "global_weight_avg": 0.04104670509696007
}