{
    "raw_weights_shape": [
        30,
        1,
        32
    ],
    "global_weight_max": 0.10925739258527756,
    "global_weight_avg": 0.041115984320640564
}