{
    "accuracy": [
        0.8846153616905212,
        0.9478021860122681,
        0.9560439586639404,
        0.9340659379959106,
        0.9532967209815979,
        0.9478021860122681,
        0.9642857313156128,
        0.9752747416496277,
        0.9780219793319702,
        0.9807692170143127,
        0.9890109896659851,
        0.9780219793319702,
        0.9835164546966553,
        0.9780219793319702,
        0.9862637519836426,
        0.9697802066802979,
        0.9725274443626404,
        0.9807692170143127,
        0.9890109896659851,
        0.9835164546966553,
        0.9862637519836426,
        0.9890109896659851,
        0.9972527623176575,
        0.9890109896659851,
        0.9945054650306702,
        0.9945054650306702,
        0.9945054650306702,
        0.9945054650306702
    ],
    "loss": [
        0.2779608368873596,
        0.16289271414279938,
        0.13789412379264832,
        0.13871803879737854,
        0.133753702044487,
        0.11764294654130936,
        0.10147091746330261,
        0.08437184244394302,
        0.08607646077871323,
        0.0569378100335598,
        0.04238220676779747,
        0.05518553778529167,
        0.05361222103238106,
        0.056217603385448456,
        0.04271427541971207,
        0.07427947968244553,
        0.06823606044054031,
        0.08330870419740677,
        0.04083773121237755,
        0.05913195759057999,
        0.06237602233886719,
        0.05489194765686989,
        0.028265174478292465,
        0.029223397374153137,
        0.026473838835954666,
        0.01996600441634655,
        0.017541266977787018,
        0.022253122180700302
    ],
    "val_accuracy": [
        0.9340659379959106,
        0.9670329689979553,
        0.9450549483299255,
        0.9450549483299255,
        0.9670329689979553,
        0.9670329689979553,
        0.9450549483299255,
        0.9670329689979553,
        0.9450549483299255,
        0.9670329689979553,
        0.9560439586639404,
        0.9560439586639404,
        0.9120879173278809,
        0.9450549483299255,
        0.9340659379959106,
        0.8901098966598511,
        0.9340659379959106,
        0.9780219793319702,
        0.9780219793319702,
        0.9450549483299255,
        0.8791208863258362,
        0.9340659379959106,
        0.9340659379959106,
        0.9560439586639404,
        0.9340659379959106,
        0.9120879173278809,
        0.9450549483299255,
        0.9450549483299255
    ],
    "val_loss": [
        0.4659324586391449,
        0.31905582547187805,
        0.35644233226776123,
        0.1999548226594925,
        0.2274409681558609,
        0.21770122647285461,
        0.20761367678642273,
        0.15347418189048767,
        0.1852521151304245,
        0.14140549302101135,
        0.13400962948799133,
        0.15616504848003387,
        0.2151039093732834,
        0.17733629047870636,
        0.1459612399339676,
        0.21312199532985687,
        0.2308972179889679,
        0.09054479748010635,
        0.10457227379083633,
        0.11608289182186127,
        0.22028674185276031,
        0.15413914620876312,
        0.12457048892974854,
        0.13104401528835297,
        0.14412043988704681,
        0.21866169571876526,
        0.17129404842853546,
        0.14039772748947144
    ]
}