{
    "accuracy": 0.9298245614035088,
    "precision": 0.9047619047619048,
    "recall": 0.9047619047619048,
    "f1_score": 0.9047619047619048
}