{
    "accuracy": 0.9736842105263158,
    "precision": 1.0,
    "recall": 0.9285714285714286,
    "f1_score": 0.9629629629629629
}