{
    "accuracy": 0.9736842105263158,
    "precision": 0.975609756097561,
    "recall": 0.9523809523809523,
    "f1_score": 0.963855421686747
}