{
    "accuracy": 0.9122807017543859,
    "precision": 0.9210526315789473,
    "recall": 0.8333333333333334,
    "f1_score": 0.875
}