{
    "accuracy": 0.8771929824561403,
    "precision": 0.8888888888888888,
    "recall": 0.7619047619047619,
    "f1_score": 0.8205128205128205
}