{
    "accuracy": 0.9122807017543859,
    "precision": 0.9,
    "recall": 0.8571428571428571,
    "f1_score": 0.8780487804878049
}