{
    "accuracy": 0.9210526315789473,
    "precision": 0.9230769230769231,
    "recall": 0.8571428571428571,
    "f1_score": 0.8888888888888888
}