{
    "accuracy": 0.9210526315789473,
    "precision": 1.0,
    "recall": 0.7857142857142857,
    "f1_score": 0.88
}