{
    "accuracy": 0.9649122807017544,
    "precision": 1.0,
    "recall": 0.9047619047619048,
    "f1_score": 0.95
}