{
    "accuracy": 0.8947368421052632,
    "precision": 0.875,
    "recall": 0.8333333333333334,
    "f1_score": 0.8536585365853658
}