feature,feature_name,max_abs_weight_score
F23,feature_23,0.5187621970357194
F4,feature_4,0.5181316066600206
F21,feature_21,0.5025543984813582
F16,feature_16,0.47851996417055603
F8,feature_8,0.47460610642358286
F3,feature_3,0.4745344717280371
