feature,feature_name,max_abs_weight_score
F23,184.6,0.5187621970357194
F4,1001.0,0.5181316066600206
F21,25.38,0.5025543984813582
F16,0.04904,0.47851996417055603
F8,0.1471,0.47460610642358286
F3,122.8,0.4745344717280371
F1,17.99,0.448288913170215
F28,0.2654,0.44299698420779027
F27,0.7119,0.4200166128658798
F9,0.2419,0.4183750074897711
F24,2019.0,0.40788839251632786
F2,10.38,0.3974239205986539
F26,0.6656,0.3919376431396592
F7,0.3001,0.3868074301995002
F6,0.2776,0.37781332082197433
