feature,feature_name,max_abs_weight_score
F23,184.6,0.5187621970357194
F4,1001.0,0.5181316066600206
F21,25.38,0.5025543984813582
F16,0.04904,0.47851996417055603
F8,0.1471,0.47460610642358286
F3,122.8,0.4745344717280371
