feature,feature_name,max_abs_weight_score
F10,feature_10,0.5397667977445563
F26,feature_26,0.5162933967439066
F8,feature_8,0.5160855575610003
F23,feature_23,0.5032437141329503
F24,feature_24,0.4946848181616462
F16,feature_16,0.4494880299302149
F27,feature_27,0.4455473831451992
F1,feature_1,0.443514668188396
F21,feature_21,0.437640927688281
