feature,feature_name,max_abs_weight_score
F16,feature_16,0.5600976157700442
F23,feature_23,0.5259399389339525
F21,feature_21,0.5112904241081019
F3,feature_3,0.5014168149078937
F8,feature_8,0.47344490204691
F28,feature_28,0.4652933544349488
F27,feature_27,0.43309522997923716
F13,feature_13,0.4009429636165688
F14,feature_14,0.39146933892014324
