feature,feature_name,max_abs_weight_score
F16,feature_16,0.5600976157700442
F23,feature_23,0.5259399389339525
F21,feature_21,0.5112904241081019
